{
  "best_metric": null,
  "best_model_checkpoint": null,
  "epoch": 2.0,
  "eval_steps": 1024,
  "global_step": 15284,
  "is_hyper_param_search": false,
  "is_local_process_zero": true,
  "is_world_process_zero": true,
  "log_history": [
    {
      "epoch": 0.13399633603768646,
      "grad_norm": 2.2434146404266357,
      "learning_rate": 9.333202460410942e-05,
      "logits/chosen": -102.09928131103516,
      "logits/rejected": -103.06541442871094,
      "logps/chosen": -523.795166015625,
      "logps/rejected": -451.5306701660156,
      "loss": 0.6666,
      "rewards/accuracies": 0.5625,
      "rewards/chosen": 0.5668275356292725,
      "rewards/margins": 0.22816552221775055,
      "rewards/rejected": 0.3386619985103607,
      "step": 1024
    },
    {
      "epoch": 0.13399633603768646,
      "eval_logits/chosen": -103.0593032836914,
      "eval_logits/rejected": -102.42581176757812,
      "eval_logps/chosen": -534.041748046875,
      "eval_logps/rejected": -472.54705810546875,
      "eval_loss": 0.6738049387931824,
      "eval_rewards/accuracies": 0.5870000123977661,
      "eval_rewards/chosen": 0.553997278213501,
      "eval_rewards/margins": 0.2721906900405884,
      "eval_rewards/rejected": 0.2818065881729126,
      "eval_runtime": 40.9999,
      "eval_samples_per_second": 48.781,
      "eval_steps_per_second": 6.098,
      "step": 1024
    },
    {
      "epoch": 0.2679926720753729,
      "grad_norm": 0.8898564577102661,
      "learning_rate": 8.663133097762074e-05,
      "logits/chosen": -100.46903228759766,
      "logits/rejected": -101.26806640625,
      "logps/chosen": -522.191650390625,
      "logps/rejected": -461.50274658203125,
      "loss": 0.6577,
      "rewards/accuracies": 0.5821533203125,
      "rewards/chosen": 0.598515510559082,
      "rewards/margins": 0.2978939414024353,
      "rewards/rejected": 0.30062156915664673,
      "step": 2048
    },
    {
      "epoch": 0.2679926720753729,
      "eval_logits/chosen": -101.17411041259766,
      "eval_logits/rejected": -100.5389175415039,
      "eval_logps/chosen": -534.742919921875,
      "eval_logps/rejected": -473.38720703125,
      "eval_loss": 0.665461003780365,
      "eval_rewards/accuracies": 0.5945000052452087,
      "eval_rewards/chosen": 0.48388123512268066,
      "eval_rewards/margins": 0.28609180450439453,
      "eval_rewards/rejected": 0.19778943061828613,
      "eval_runtime": 40.8019,
      "eval_samples_per_second": 49.017,
      "eval_steps_per_second": 6.127,
      "step": 2048
    },
    {
      "epoch": 0.40198900811305943,
      "grad_norm": 1.0178676843643188,
      "learning_rate": 7.993718099725167e-05,
      "logits/chosen": -100.3353500366211,
      "logits/rejected": -101.06554412841797,
      "logps/chosen": -527.9558715820312,
      "logps/rejected": -459.2731018066406,
      "loss": 0.6539,
      "rewards/accuracies": 0.5863037109375,
      "rewards/chosen": 0.631892740726471,
      "rewards/margins": 0.3092324137687683,
      "rewards/rejected": 0.3226603865623474,
      "step": 3072
    },
    {
      "epoch": 0.40198900811305943,
      "eval_logits/chosen": -100.76449584960938,
      "eval_logits/rejected": -100.1197509765625,
      "eval_logps/chosen": -532.73095703125,
      "eval_logps/rejected": -471.4886169433594,
      "eval_loss": 0.6434981226921082,
      "eval_rewards/accuracies": 0.6039999723434448,
      "eval_rewards/chosen": 0.6850810647010803,
      "eval_rewards/margins": 0.2974332273006439,
      "eval_rewards/rejected": 0.387647807598114,
      "eval_runtime": 40.779,
      "eval_samples_per_second": 49.045,
      "eval_steps_per_second": 6.131,
      "step": 3072
    },
    {
      "epoch": 0.5359853441507458,
      "grad_norm": 0.8770841360092163,
      "learning_rate": 7.3236487370763e-05,
      "logits/chosen": -100.01171112060547,
      "logits/rejected": -100.05595397949219,
      "logps/chosen": -527.9288330078125,
      "logps/rejected": -464.8879699707031,
      "loss": 0.6436,
      "rewards/accuracies": 0.5904541015625,
      "rewards/chosen": 0.6246670484542847,
      "rewards/margins": 0.3379424512386322,
      "rewards/rejected": 0.28672462701797485,
      "step": 4096
    },
    {
      "epoch": 0.5359853441507458,
      "eval_logits/chosen": -100.51679229736328,
      "eval_logits/rejected": -99.89582824707031,
      "eval_logps/chosen": -534.3630981445312,
      "eval_logps/rejected": -473.4508056640625,
      "eval_loss": 0.6547531485557556,
      "eval_rewards/accuracies": 0.6069999933242798,
      "eval_rewards/chosen": 0.5218600034713745,
      "eval_rewards/margins": 0.3304259777069092,
      "eval_rewards/rejected": 0.19143404066562653,
      "eval_runtime": 45.1424,
      "eval_samples_per_second": 44.304,
      "eval_steps_per_second": 5.538,
      "step": 4096
    },
    {
      "epoch": 0.6699816801884323,
      "grad_norm": 0.6306087374687195,
      "learning_rate": 6.654233739039393e-05,
      "logits/chosen": -99.02348327636719,
      "logits/rejected": -99.71822357177734,
      "logps/chosen": -530.8432006835938,
      "logps/rejected": -467.0559997558594,
      "loss": 0.6359,
      "rewards/accuracies": 0.5994873046875,
      "rewards/chosen": 0.6611647605895996,
      "rewards/margins": 0.38780251145362854,
      "rewards/rejected": 0.2733622193336487,
      "step": 5120
    },
    {
      "epoch": 0.6699816801884323,
      "eval_logits/chosen": -99.38443756103516,
      "eval_logits/rejected": -98.7081527709961,
      "eval_logps/chosen": -533.8693237304688,
      "eval_logps/rejected": -473.3346252441406,
      "eval_loss": 0.6413285136222839,
      "eval_rewards/accuracies": 0.609000027179718,
      "eval_rewards/chosen": 0.5712413191795349,
      "eval_rewards/margins": 0.3681887090206146,
      "eval_rewards/rejected": 0.2030525803565979,
      "eval_runtime": 44.6929,
      "eval_samples_per_second": 44.75,
      "eval_steps_per_second": 5.594,
      "step": 5120
    },
    {
      "epoch": 0.8039780162261189,
      "grad_norm": 1.4567480087280273,
      "learning_rate": 5.984164376390525e-05,
      "logits/chosen": -99.8340835571289,
      "logits/rejected": -100.17364501953125,
      "logps/chosen": -522.2119750976562,
      "logps/rejected": -460.3009338378906,
      "loss": 0.6385,
      "rewards/accuracies": 0.5977783203125,
      "rewards/chosen": 0.6533321142196655,
      "rewards/margins": 0.3696483373641968,
      "rewards/rejected": 0.2836838662624359,
      "step": 6144
    },
    {
      "epoch": 0.8039780162261189,
      "eval_logits/chosen": -100.20228576660156,
      "eval_logits/rejected": -99.48692321777344,
      "eval_logps/chosen": -533.413818359375,
      "eval_logps/rejected": -472.4925231933594,
      "eval_loss": 0.629112184047699,
      "eval_rewards/accuracies": 0.6140000224113464,
      "eval_rewards/chosen": 0.616790235042572,
      "eval_rewards/margins": 0.32953158020973206,
      "eval_rewards/rejected": 0.28725865483283997,
      "eval_runtime": 42.957,
      "eval_samples_per_second": 46.558,
      "eval_steps_per_second": 5.82,
      "step": 6144
    },
    {
      "epoch": 0.9379743522638053,
      "grad_norm": 1.1198220252990723,
      "learning_rate": 5.314095013741657e-05,
      "logits/chosen": -99.83357238769531,
      "logits/rejected": -99.88917541503906,
      "logps/chosen": -521.4160766601562,
      "logps/rejected": -461.8245849609375,
      "loss": 0.6322,
      "rewards/accuracies": 0.5963134765625,
      "rewards/chosen": 0.6151527166366577,
      "rewards/margins": 0.3659944534301758,
      "rewards/rejected": 0.24915823340415955,
      "step": 7168
    },
    {
      "epoch": 0.9379743522638053,
      "eval_logits/chosen": -100.6396713256836,
      "eval_logits/rejected": -99.96453857421875,
      "eval_logps/chosen": -531.9390258789062,
      "eval_logps/rejected": -471.5684509277344,
      "eval_loss": 0.6400429606437683,
      "eval_rewards/accuracies": 0.612500011920929,
      "eval_rewards/chosen": 0.7642728686332703,